variable,model,segment_type,segment_value,n,mae,rmse,wmape
load,load_pred_prev_day_kw,overall,all,48096,650.020068,1128.391238,0.140795
load,load_pred_prev_day_kw,month,02,4032,638.303456,1124.098066,0.141315
load,load_pred_prev_day_kw,month,03,4464,645.207607,1134.747016,0.148130
load,load_pred_prev_day_kw,month,04,4320,596.096335,1083.846172,0.135693
load,load_pred_prev_day_kw,month,05,4464,656.502700,1136.521394,0.149148
load,load_pred_prev_day_kw,month,06,4320,698.396119,1180.674858,0.145488
load,load_pred_prev_day_kw,month,07,4464,644.772282,1084.500236,0.120806
load,load_pred_prev_day_kw,month,08,4464,738.955431,1202.208661,0.146468
load,load_pred_prev_day_kw,month,09,4320,629.531647,1094.852985,0.138788
load,load_pred_prev_day_kw,month,10,4464,639.916065,1132.012476,0.147208
load,load_pred_prev_day_kw,month,11,4320,659.411557,1154.575296,0.152020
load,load_pred_prev_day_kw,month,12,4464,601.456754,1076.544360,0.128207
load,load_pred_prev_day_kw,lead_h,1,2004,382.186270,552.082374,0.110651
load,load_pred_prev_day_kw,lead_h,2,2004,376.319379,541.189657,0.108416
load,load_pred_prev_day_kw,lead_h,3,2004,377.083563,544.434249,0.107813
load,load_pred_prev_day_kw,lead_h,4,2004,377.052974,542.645820,0.107199
load,load_pred_prev_day_kw,lead_h,5,2004,374.493228,538.538814,0.105886
load,load_pred_prev_day_kw,lead_h,6,2004,433.442748,694.390615,0.117136
load,load_pred_prev_day_kw,lead_h,7,2004,668.822431,1089.270494,0.152525
load,load_pred_prev_day_kw,lead_h,8,2004,662.635853,1124.119784,0.139884
load,load_pred_prev_day_kw,lead_h,9,2004,1034.241570,1759.628654,0.179014
load,load_pred_prev_day_kw,lead_h,10,2004,869.538083,1447.253238,0.147947
load,load_pred_prev_day_kw,lead_h,11,2004,867.398658,1450.478275,0.148797
load,load_pred_prev_day_kw,lead_h,12,2004,854.409293,1416.753882,0.149293
load,load_pred_prev_day_kw,lead_h,13,2004,783.977320,1291.826776,0.142137
load,load_pred_prev_day_kw,lead_h,14,2004,876.185691,1455.331961,0.153874
load,load_pred_prev_day_kw,lead_h,15,2004,878.978544,1454.720283,0.155034
load,load_pred_prev_day_kw,lead_h,16,2004,882.076750,1456.416220,0.155607
load,load_pred_prev_day_kw,lead_h,17,2004,923.065595,1543.105570,0.163611
load,load_pred_prev_day_kw,lead_h,18,2004,981.460112,1685.534981,0.187047
load,load_pred_prev_day_kw,lead_h,19,2004,572.965545,884.694664,0.134819
load,load_pred_prev_day_kw,lead_h,20,2004,576.464337,893.187124,0.134337
load,load_pred_prev_day_kw,lead_h,21,2004,563.107582,876.963979,0.130284
load,load_pred_prev_day_kw,lead_h,22,2004,525.474358,816.907460,0.126516
load,load_pred_prev_day_kw,lead_h,23,2004,378.194540,539.020419,0.111117
load,load_pred_prev_day_kw,lead_h,24,2004,380.907198,540.178300,0.110758
load,load_pred_prev_week_kw,overall,all,48096,176.795721,244.286615,0.038294
load,load_pred_prev_week_kw,month,02,4032,146.437922,184.382033,0.032420
load,load_pred_prev_week_kw,month,03,4464,141.230025,180.778014,0.032424
load,load_pred_prev_week_kw,month,04,4320,125.522645,156.911323,0.028573
load,load_pred_prev_week_kw,month,05,4464,160.478891,208.959762,0.036459
load,load_pred_prev_week_kw,month,06,4320,210.343720,287.128129,0.043818
load,load_pred_prev_week_kw,month,07,4464,288.268041,383.711442,0.054011
load,load_pred_prev_week_kw,month,08,4464,183.778355,231.552030,0.036427
load,load_pred_prev_week_kw,month,09,4320,241.896897,346.410294,0.053329
load,load_pred_prev_week_kw,month,10,4464,137.434469,182.866687,0.031616
load,load_pred_prev_week_kw,month,11,4320,125.794936,156.579956,0.029001
load,load_pred_prev_week_kw,month,12,4464,180.512256,241.147296,0.038478
load,load_pred_prev_week_kw,lead_h,1,2004,180.417912,252.079318,0.052235
load,load_pred_prev_week_kw,lead_h,2,2004,180.335160,250.305283,0.051954
load,load_pred_prev_week_kw,lead_h,3,2004,172.897678,239.190663,0.049434
load,load_pred_prev_week_kw,lead_h,4,2004,166.390132,225.211807,0.047306
load,load_pred_prev_week_kw,lead_h,5,2004,166.403043,223.467497,0.047050
load,load_pred_prev_week_kw,lead_h,6,2004,164.293166,216.907634,0.044400
load,load_pred_prev_week_kw,lead_h,7,2004,157.972095,207.740355,0.036025
load,load_pred_prev_week_kw,lead_h,8,2004,163.611743,216.675102,0.034539
load,load_pred_prev_week_kw,lead_h,9,2004,160.556438,214.804828,0.027790
load,load_pred_prev_week_kw,lead_h,10,2004,158.481930,208.303118,0.026965
load,load_pred_prev_week_kw,lead_h,11,2004,158.185146,211.928790,0.027136
load,load_pred_prev_week_kw,lead_h,12,2004,170.276709,226.122744,0.029753
load,load_pred_prev_week_kw,lead_h,13,2004,173.821107,237.900131,0.031514
load,load_pred_prev_week_kw,lead_h,14,2004,174.909221,237.132518,0.030717
load,load_pred_prev_week_kw,lead_h,15,2004,180.281520,253.991740,0.031798
load,load_pred_prev_week_kw,lead_h,16,2004,180.207145,253.795213,0.031790
load,load_pred_prev_week_kw,lead_h,17,2004,187.802396,266.802193,0.033287
load,load_pred_prev_week_kw,lead_h,18,2004,195.651034,274.689422,0.037287
load,load_pred_prev_week_kw,lead_h,19,2004,191.411867,271.925507,0.045039
load,load_pred_prev_week_kw,lead_h,20,2004,187.361851,263.656762,0.043662
load,load_pred_prev_week_kw,lead_h,21,2004,193.727997,275.105329,0.044822
load,load_pred_prev_week_kw,lead_h,22,2004,194.772646,275.854512,0.046895
load,load_pred_prev_week_kw,lead_h,23,2004,195.301845,271.090866,0.057381
load,load_pred_prev_week_kw,lead_h,24,2004,188.027528,261.360022,0.054674
load,load_pred_expanding_mean_kw,overall,all,48096,803.645240,1028.241672,0.174071
load,load_pred_expanding_mean_kw,month,02,4032,726.051658,970.366295,0.160741
load,load_pred_expanding_mean_kw,month,03,4464,717.504803,993.143016,0.164728
load,load_pred_expanding_mean_kw,month,04,4320,700.138266,945.613873,0.159377
load,load_pred_expanding_mean_kw,month,05,4464,806.635833,1013.687201,0.183256
load,load_pred_expanding_mean_kw,month,06,4320,889.683257,1047.431148,0.185336
load,load_pred_expanding_mean_kw,month,07,4464,1123.519543,1244.426218,0.210505
load,load_pred_expanding_mean_kw,month,08,4464,970.966535,1103.652126,0.192454
load,load_pred_expanding_mean_kw,month,09,4320,692.946582,949.233995,0.152769
load,load_pred_expanding_mean_kw,month,10,4464,703.296930,1011.950744,0.161788
load,load_pred_expanding_mean_kw,month,11,4320,718.127227,1014.584741,0.165556
load,load_pred_expanding_mean_kw,month,12,4464,776.824864,970.082917,0.165588
load,load_pred_expanding_mean_kw,lead_h,1,2004,465.177151,613.623854,0.134678
load,load_pred_expanding_mean_kw,lead_h,2,2004,428.490904,565.752819,0.123446
load,load_pred_expanding_mean_kw,lead_h,3,2004,408.136862,537.951824,0.116692
load,load_pred_expanding_mean_kw,lead_h,4,2004,394.228066,518.855054,0.112082
load,load_pred_expanding_mean_kw,lead_h,5,2004,387.717887,514.549276,0.109625
load,load_pred_expanding_mean_kw,lead_h,6,2004,471.065470,633.450526,0.127304
load,load_pred_expanding_mean_kw,lead_h,7,2004,775.967733,953.927434,0.176959
load,load_pred_expanding_mean_kw,lead_h,8,2004,759.281505,984.816541,0.160287
load,load_pred_expanding_mean_kw,lead_h,9,2004,1289.678954,1514.321634,0.223227
load,load_pred_expanding_mean_kw,lead_h,10,2004,1056.232914,1253.304943,0.179712
load,load_pred_expanding_mean_kw,lead_h,11,2004,1068.481620,1255.035151,0.183292
load,load_pred_expanding_mean_kw,lead_h,12,2004,1044.001933,1227.429336,0.182421
load,load_pred_expanding_mean_kw,lead_h,13,2004,961.987163,1128.284777,0.174411
load,load_pred_expanding_mean_kw,lead_h,14,2004,1098.724616,1266.169212,0.192956
load,load_pred_expanding_mean_kw,lead_h,15,2004,1113.140638,1279.529837,0.196335
load,load_pred_expanding_mean_kw,lead_h,16,2004,1133.467407,1299.866238,0.199955
load,load_pred_expanding_mean_kw,lead_h,17,2004,1210.595945,1385.338703,0.214574
load,load_pred_expanding_mean_kw,lead_h,18,2004,1301.979261,1513.668849,0.248132
load,load_pred_expanding_mean_kw,lead_h,19,2004,734.955705,919.539412,0.172936
load,load_pred_expanding_mean_kw,lead_h,20,2004,746.543109,934.731955,0.173971
load,load_pred_expanding_mean_kw,lead_h,21,2004,736.013292,925.147654,0.170289
load,load_pred_expanding_mean_kw,lead_h,22,2004,687.947254,875.441964,0.165634
load,load_pred_expanding_mean_kw,lead_h,23,2004,525.386013,681.294354,0.154363
load,load_pred_expanding_mean_kw,lead_h,24,2004,488.284356,639.434384,0.141981
load,load_pred_daytype_mean_kw,overall,all,48096,750.697026,991.234456,0.162602
load,load_pred_daytype_mean_kw,month,02,4032,671.128456,939.300301,0.148582
load,load_pred_daytype_mean_kw,month,03,4464,670.307013,948.738661,0.153892
load,load_pred_daytype_mean_kw,month,04,4320,634.888582,904.542582,0.144524
load,load_pred_daytype_mean_kw,month,05,4464,737.063004,968.608447,0.167450
load,load_pred_daytype_mean_kw,month,06,4320,841.258423,1026.040397,0.175249
load,load_pred_daytype_mean_kw,month,07,4464,1063.658009,1202.620973,0.199289
load,load_pred_daytype_mean_kw,month,08,4464,925.297796,1082.608961,0.183402
load,load_pred_daytype_mean_kw,month,09,4320,631.684507,906.975974,0.139263
load,load_pred_daytype_mean_kw,month,10,4464,671.242494,985.087417,0.154414
load,load_pred_daytype_mean_kw,month,11,4320,680.097004,965.708023,0.156789
load,load_pred_daytype_mean_kw,month,12,4464,716.410857,923.585710,0.152710
load,load_pred_daytype_mean_kw,lead_h,1,2004,459.147157,602.373100,0.132932
load,load_pred_daytype_mean_kw,lead_h,2,2004,418.385885,551.491152,0.120535
load,load_pred_daytype_mean_kw,lead_h,3,2004,398.064042,522.380463,0.113812
load,load_pred_daytype_mean_kw,lead_h,4,2004,385.684801,502.954603,0.109653
load,load_pred_daytype_mean_kw,lead_h,5,2004,380.881044,498.027826,0.107692
load,load_pred_daytype_mean_kw,lead_h,6,2004,449.420242,609.015777,0.121454
load,load_pred_daytype_mean_kw,lead_h,7,2004,709.139054,914.383054,0.161719
load,load_pred_daytype_mean_kw,lead_h,8,2004,701.036762,944.192083,0.147991
load,load_pred_daytype_mean_kw,lead_h,9,2004,1170.018785,1450.573836,0.202515
load,load_pred_daytype_mean_kw,lead_h,10,2004,957.429413,1200.531476,0.162902
load,load_pred_daytype_mean_kw,lead_h,11,2004,969.596115,1202.832535,0.166328
load,load_pred_daytype_mean_kw,lead_h,12,2004,948.695268,1175.814537,0.165767
load,load_pred_daytype_mean_kw,lead_h,13,2004,874.935428,1083.351171,0.158628
load,load_pred_daytype_mean_kw,lead_h,14,2004,1001.902159,1214.382834,0.175952
load,load_pred_daytype_mean_kw,lead_h,15,2004,1016.043902,1231.329897,0.179209
load,load_pred_daytype_mean_kw,lead_h,16,2004,1037.387900,1250.394142,0.183005
load,load_pred_daytype_mean_kw,lead_h,17,2004,1107.559310,1333.529039,0.196312
load,load_pred_daytype_mean_kw,lead_h,18,2004,1198.359898,1459.482217,0.228384
load,load_pred_daytype_mean_kw,lead_h,19,2004,716.331907,898.712867,0.168554
load,load_pred_daytype_mean_kw,lead_h,20,2004,726.002599,912.463561,0.169184
load,load_pred_daytype_mean_kw,lead_h,21,2004,718.516145,903.538881,0.166241
load,load_pred_daytype_mean_kw,lead_h,22,2004,670.458293,854.631214,0.161424
load,load_pred_daytype_mean_kw,lead_h,23,2004,519.477275,670.348612,0.152627
load,load_pred_daytype_mean_kw,lead_h,24,2004,482.255237,627.776264,0.140227
load,load_pred_ridge_kw,overall,all,48096,182.223544,242.389767,0.039470
load,load_pred_ridge_kw,month,02,4032,144.533820,180.494900,0.031998
load,load_pred_ridge_kw,month,03,4464,139.613583,177.370928,0.032053
load,load_pred_ridge_kw,month,04,4320,126.849534,158.683127,0.028876
load,load_pred_ridge_kw,month,05,4464,161.383378,207.344251,0.036664
load,load_pred_ridge_kw,month,06,4320,214.929957,279.863599,0.044774
load,load_pred_ridge_kw,month,07,4464,294.897747,367.902345,0.055253
load,load_pred_ridge_kw,month,08,4464,187.577421,235.974307,0.037180
load,load_pred_ridge_kw,month,09,4320,248.301875,332.396264,0.054741
load,load_pred_ridge_kw,month,10,4464,154.695978,194.127154,0.035587
load,load_pred_ridge_kw,month,11,4320,141.210120,175.921012,0.032554
load,load_pred_ridge_kw,month,12,4464,186.895508,251.747387,0.039839
load,load_pred_ridge_kw,lead_h,1,2004,184.848508,246.103725,0.053517
load,load_pred_ridge_kw,lead_h,2,2004,185.551073,245.835687,0.053456
load,load_pred_ridge_kw,lead_h,3,2004,178.871080,236.706279,0.051142
load,load_pred_ridge_kw,lead_h,4,2004,172.452755,225.142767,0.049029
load,load_pred_ridge_kw,lead_h,5,2004,174.205901,226.149108,0.049256
load,load_pred_ridge_kw,lead_h,6,2004,168.572361,219.830007,0.045556
load,load_pred_ridge_kw,lead_h,7,2004,163.570083,212.126585,0.037302
load,load_pred_ridge_kw,lead_h,8,2004,169.774423,222.744391,0.035840
load,load_pred_ridge_kw,lead_h,9,2004,168.360124,222.491839,0.029141
load,load_pred_ridge_kw,lead_h,10,2004,164.744515,214.870071,0.028030
load,load_pred_ridge_kw,lead_h,11,2004,165.795751,218.009472,0.028441
load,load_pred_ridge_kw,lead_h,12,2004,177.900425,230.141103,0.031085
load,load_pred_ridge_kw,lead_h,13,2004,179.636971,239.315948,0.032569
load,load_pred_ridge_kw,lead_h,14,2004,181.693629,237.140777,0.031909
load,load_pred_ridge_kw,lead_h,15,2004,187.135705,251.367827,0.033007
load,load_pred_ridge_kw,lead_h,16,2004,186.904072,249.754557,0.032972
load,load_pred_ridge_kw,lead_h,17,2004,195.140580,263.596705,0.034588
load,load_pred_ridge_kw,lead_h,18,2004,199.192527,269.665395,0.037962
load,load_pred_ridge_kw,lead_h,19,2004,195.810386,263.227586,0.046074
load,load_pred_ridge_kw,lead_h,20,2004,190.186142,254.992529,0.044320
load,load_pred_ridge_kw,lead_h,21,2004,197.143137,266.250215,0.045612
load,load_pred_ridge_kw,lead_h,22,2004,198.119990,267.559641,0.047701
load,load_pred_ridge_kw,lead_h,23,2004,196.971076,263.232986,0.057872
load,load_pred_ridge_kw,lead_h,24,2004,190.783832,254.454426,0.055475
pv,pv_pred_prev_day_kw,overall,all,48096,185.346492,375.174878,0.077914
pv,pv_pred_prev_day_kw,month,02,4032,132.081022,274.849776,0.067166
pv,pv_pred_prev_day_kw,month,03,4464,186.405952,385.013080,0.080898
pv,pv_pred_prev_day_kw,month,04,4320,223.745099,433.962126,0.082817
pv,pv_pred_prev_day_kw,month,05,4464,234.158039,440.009438,0.083434
pv,pv_pred_prev_day_kw,month,06,4320,244.139323,471.936770,0.103020
pv,pv_pred_prev_day_kw,month,07,4464,228.790337,418.948768,0.084014
pv,pv_pred_prev_day_kw,month,08,4464,217.214353,413.164824,0.074491
pv,pv_pred_prev_day_kw,month,09,4320,201.445231,405.867516,0.077253
pv,pv_pred_prev_day_kw,month,10,4464,155.716809,321.473090,0.065861
pv,pv_pred_prev_day_kw,month,11,4320,111.534496,234.523303,0.060147
pv,pv_pred_prev_day_kw,month,12,4464,99.699513,215.549529,0.065859
pv,pv_pred_prev_day_kw,daylight,actual_pv_gt_1kw,25072,355.544839,519.629405,0.077913
pv,pv_pred_prev_day_kw,lead_h,1,2004,0.000000,0.000000,
pv,pv_pred_prev_day_kw,lead_h,2,2004,0.000000,0.000000,
pv,pv_pred_prev_day_kw,lead_h,3,2004,0.000000,0.000000,
pv,pv_pred_prev_day_kw,lead_h,4,2004,0.000148,0.000722,0.182154
pv,pv_pred_prev_day_kw,lead_h,5,2004,0.040887,0.194337,0.189895
pv,pv_pred_prev_day_kw,lead_h,6,2004,18.701557,44.176744,0.099507
pv,pv_pred_prev_day_kw,lead_h,7,2004,95.592252,154.171333,0.089978
pv,pv_pred_prev_day_kw,lead_h,8,2004,218.292009,305.065242,0.081577
pv,pv_pred_prev_day_kw,lead_h,9,2004,336.904472,442.278092,0.075475
pv,pv_pred_prev_day_kw,lead_h,10,2004,470.621994,607.433979,0.078116
pv,pv_pred_prev_day_kw,lead_h,11,2004,557.078059,721.403273,0.078274
pv,pv_pred_prev_day_kw,lead_h,12,2004,610.510385,781.418703,0.079648
pv,pv_pred_prev_day_kw,lead_h,13,2004,613.895992,774.655442,0.080408
pv,pv_pred_prev_day_kw,lead_h,14,2004,514.103405,654.770059,0.073826
pv,pv_pred_prev_day_kw,lead_h,15,2004,411.519438,524.654914,0.071254
pv,pv_pred_prev_day_kw,lead_h,16,2004,318.317917,413.283172,0.076280
pv,pv_pred_prev_day_kw,lead_h,17,2004,195.574713,267.620079,0.082291
pv,pv_pred_prev_day_kw,lead_h,18,2004,76.441025,127.977760,0.089399
pv,pv_pred_prev_day_kw,lead_h,19,2004,10.696773,29.326176,0.091719
pv,pv_pred_prev_day_kw,lead_h,20,2004,0.024645,0.112336,0.152058
pv,pv_pred_prev_day_kw,lead_h,21,2004,0.000127,0.000594,0.157064
pv,pv_pred_prev_day_kw,lead_h,22,2004,0.000000,0.000000,
pv,pv_pred_prev_day_kw,lead_h,23,2004,0.000000,0.000000,
pv,pv_pred_prev_day_kw,lead_h,24,2004,0.000000,0.000000,
pv,pv_pred_prev_week_kw,overall,all,48096,214.688231,419.947968,0.090249
pv,pv_pred_prev_week_kw,month,02,4032,159.715622,313.345009,0.081219
pv,pv_pred_prev_week_kw,month,03,4464,217.838988,415.783697,0.094540
pv,pv_pred_prev_week_kw,month,04,4320,214.554059,404.376889,0.079415
pv,pv_pred_prev_week_kw,month,05,4464,258.715462,470.160304,0.092184
pv,pv_pred_prev_week_kw,month,06,4320,301.939918,576.728745,0.127410
pv,pv_pred_prev_week_kw,month,07,4464,258.072059,488.518015,0.094766
pv,pv_pred_prev_week_kw,month,08,4464,262.476106,486.666691,0.090013
pv,pv_pred_prev_week_kw,month,09,4320,221.440538,408.275161,0.084921
pv,pv_pred_prev_week_kw,month,10,4464,205.343074,395.879483,0.086851
pv,pv_pred_prev_week_kw,month,11,4320,149.211250,306.371577,0.080464
pv,pv_pred_prev_week_kw,month,12,4464,107.859438,230.200632,0.071249
pv,pv_pred_prev_week_kw,daylight,actual_pv_gt_1kw,25072,411.579598,581.630606,0.090192
pv,pv_pred_prev_week_kw,lead_h,1,2004,0.000000,0.000000,
pv,pv_pred_prev_week_kw,lead_h,2,2004,0.000000,0.000000,
pv,pv_pred_prev_week_kw,lead_h,3,2004,0.000000,0.000000,
pv,pv_pred_prev_week_kw,lead_h,4,2004,0.000514,0.002116,0.634029
pv,pv_pred_prev_week_kw,lead_h,5,2004,0.159859,0.701994,0.742454
pv,pv_pred_prev_week_kw,lead_h,6,2004,37.699501,71.711631,0.200591
pv,pv_pred_prev_week_kw,lead_h,7,2004,152.082817,211.508614,0.143150
pv,pv_pred_prev_week_kw,lead_h,8,2004,287.326337,373.990028,0.107375
pv,pv_pred_prev_week_kw,lead_h,9,2004,417.171557,531.285821,0.093457
pv,pv_pred_prev_week_kw,lead_h,10,2004,545.326835,688.809367,0.090515
pv,pv_pred_prev_week_kw,lead_h,11,2004,595.918378,757.696092,0.083731
pv,pv_pred_prev_week_kw,lead_h,12,2004,642.024200,834.629510,0.083760
pv,pv_pred_prev_week_kw,lead_h,13,2004,665.521752,859.733973,0.087170
pv,pv_pred_prev_week_kw,lead_h,14,2004,560.476740,720.587891,0.080485
pv,pv_pred_prev_week_kw,lead_h,15,2004,492.584779,631.687433,0.085291
pv,pv_pred_prev_week_kw,lead_h,16,2004,370.963435,479.832629,0.088895
pv,pv_pred_prev_week_kw,lead_h,17,2004,238.395804,309.146958,0.100308
pv,pv_pred_prev_week_kw,lead_h,18,2004,122.155434,171.518236,0.142862
pv,pv_pred_prev_week_kw,lead_h,19,2004,24.609591,52.178367,0.211014
pv,pv_pred_prev_week_kw,lead_h,20,2004,0.099515,0.396064,0.614009
pv,pv_pred_prev_week_kw,lead_h,21,2004,0.000503,0.002053,0.622209
pv,pv_pred_prev_week_kw,lead_h,22,2004,0.000000,0.000000,
pv,pv_pred_prev_week_kw,lead_h,23,2004,0.000000,0.000000,
pv,pv_pred_prev_week_kw,lead_h,24,2004,0.000000,0.000000,
pv,pv_pred_expanding_mean_kw,overall,all,48096,483.329791,772.973826,0.203178
pv,pv_pred_expanding_mean_kw,month,02,4032,302.898198,520.158219,0.154031
pv,pv_pred_expanding_mean_kw,month,03,4464,463.057707,737.088682,0.200963
pv,pv_pred_expanding_mean_kw,month,04,4320,659.410031,981.665683,0.244074
pv,pv_pred_expanding_mean_kw,month,05,4464,601.791211,880.801979,0.214427
pv,pv_pred_expanding_mean_kw,month,06,4320,326.973174,511.511006,0.137973
pv,pv_pred_expanding_mean_kw,month,07,4464,411.956423,619.697197,0.151274
pv,pv_pred_expanding_mean_kw,month,08,4464,532.840868,827.526140,0.182730
pv,pv_pred_expanding_mean_kw,month,09,4320,281.882811,498.635185,0.108101
pv,pv_pred_expanding_mean_kw,month,10,4464,316.381722,511.609035,0.133815
pv,pv_pred_expanding_mean_kw,month,11,4320,563.029877,833.168970,0.303622
pv,pv_pred_expanding_mean_kw,month,12,4464,835.653485,1202.171846,0.552010
pv,pv_pred_expanding_mean_kw,daylight,actual_pv_gt_1kw,25072,896.568657,1059.476410,0.196470
pv,pv_pred_expanding_mean_kw,lead_h,1,2004,0.000000,0.000000,
pv,pv_pred_expanding_mean_kw,lead_h,2,2004,0.000000,0.000000,
pv,pv_pred_expanding_mean_kw,lead_h,3,2004,0.000000,0.000000,
pv,pv_pred_expanding_mean_kw,lead_h,4,2004,0.001160,0.003333,1.431577
pv,pv_pred_expanding_mean_kw,lead_h,5,2004,0.316486,0.873244,1.469890
pv,pv_pred_expanding_mean_kw,lead_h,6,2004,201.063499,292.846363,1.069817
pv,pv_pred_expanding_mean_kw,lead_h,7,2004,769.226183,872.660814,0.724046
pv,pv_pred_expanding_mean_kw,lead_h,8,2004,997.852263,1116.409434,0.372901
pv,pv_pred_expanding_mean_kw,lead_h,9,2004,971.862482,1114.261210,0.217722
pv,pv_pred_expanding_mean_kw,lead_h,10,2004,985.576887,1145.514181,0.163590
pv,pv_pred_expanding_mean_kw,lead_h,11,2004,968.111269,1133.288689,0.136027
pv,pv_pred_expanding_mean_kw,lead_h,12,2004,991.316751,1162.592676,0.129329
pv,pv_pred_expanding_mean_kw,lead_h,13,2004,1017.836921,1190.555260,0.133316
pv,pv_pred_expanding_mean_kw,lead_h,14,2004,981.264749,1144.665806,0.140911
pv,pv_pred_expanding_mean_kw,lead_h,15,2004,967.879796,1120.208516,0.167587
pv,pv_pred_expanding_mean_kw,lead_h,16,2004,960.254659,1106.047125,0.230109
pv,pv_pred_expanding_mean_kw,lead_h,17,2004,985.587449,1098.880182,0.414699
pv,pv_pred_expanding_mean_kw,lead_h,18,2004,670.701114,773.129270,0.784393
pv,pv_pred_expanding_mean_kw,lead_h,19,2004,130.834214,212.500552,1.121832
pv,pv_pred_expanding_mean_kw,lead_h,20,2004,0.227949,0.642944,1.406443
pv,pv_pred_expanding_mean_kw,lead_h,21,2004,0.001155,0.003319,1.428385
pv,pv_pred_expanding_mean_kw,lead_h,22,2004,0.000000,0.000000,
pv,pv_pred_expanding_mean_kw,lead_h,23,2004,0.000000,0.000000,
pv,pv_pred_expanding_mean_kw,lead_h,24,2004,0.000000,0.000000,
pv,pv_pred_daytype_mean_kw,overall,all,48096,484.991328,775.454187,0.203876
pv,pv_pred_daytype_mean_kw,month,02,4032,304.981211,521.241353,0.155090
pv,pv_pred_daytype_mean_kw,month,03,4464,467.545166,743.526858,0.202910
pv,pv_pred_daytype_mean_kw,month,04,4320,662.423131,986.423060,0.245189
pv,pv_pred_daytype_mean_kw,month,05,4464,604.046134,884.083001,0.215231
pv,pv_pred_daytype_mean_kw,month,06,4320,328.164604,513.149544,0.138476
pv,pv_pred_daytype_mean_kw,month,07,4464,412.907379,621.681349,0.151623
pv,pv_pred_daytype_mean_kw,month,08,4464,533.934496,829.441428,0.183106
pv,pv_pred_daytype_mean_kw,month,09,4320,282.697137,500.068851,0.108413
pv,pv_pred_daytype_mean_kw,month,10,4464,316.536434,511.987283,0.133881
pv,pv_pred_daytype_mean_kw,month,11,4320,564.202010,834.976017,0.304254
pv,pv_pred_daytype_mean_kw,month,12,4464,836.740817,1203.845066,0.552729
pv,pv_pred_daytype_mean_kw,daylight,actual_pv_gt_1kw,25072,899.705971,1062.909961,0.197158
pv,pv_pred_daytype_mean_kw,lead_h,1,2004,0.000000,0.000000,
pv,pv_pred_daytype_mean_kw,lead_h,2,2004,0.000000,0.000000,
pv,pv_pred_daytype_mean_kw,lead_h,3,2004,0.000000,0.000000,
pv,pv_pred_daytype_mean_kw,lead_h,4,2004,0.001163,0.003344,1.435265
pv,pv_pred_daytype_mean_kw,lead_h,5,2004,0.317316,0.875839,1.473748
pv,pv_pred_daytype_mean_kw,lead_h,6,2004,201.594226,293.681953,1.072641
pv,pv_pred_daytype_mean_kw,lead_h,7,2004,771.533877,875.256968,0.726218
pv,pv_pred_daytype_mean_kw,lead_h,8,2004,1001.161617,1119.884610,0.374138
pv,pv_pred_daytype_mean_kw,lead_h,9,2004,974.941233,1117.718578,0.218412
pv,pv_pred_daytype_mean_kw,lead_h,10,2004,989.271725,1149.249400,0.164203
pv,pv_pred_daytype_mean_kw,lead_h,11,2004,972.865111,1137.297214,0.136695
pv,pv_pred_daytype_mean_kw,lead_h,12,2004,995.062119,1166.584920,0.129817
pv,pv_pred_daytype_mean_kw,lead_h,13,2004,1020.945013,1194.487323,0.133723
pv,pv_pred_daytype_mean_kw,lead_h,14,2004,983.592210,1148.221088,0.141245
pv,pv_pred_daytype_mean_kw,lead_h,15,2004,971.123206,1123.859096,0.168149
pv,pv_pred_daytype_mean_kw,lead_h,16,2004,963.917481,1109.583466,0.230987
pv,pv_pred_daytype_mean_kw,lead_h,17,2004,989.365649,1102.222384,0.416288
pv,pv_pred_daytype_mean_kw,lead_h,18,2004,672.673715,775.400143,0.786700
pv,pv_pred_daytype_mean_kw,lead_h,19,2004,131.196497,213.105334,1.124938
pv,pv_pred_daytype_mean_kw,lead_h,20,2004,0.228555,0.644893,1.410185
pv,pv_pred_daytype_mean_kw,lead_h,21,2004,0.001158,0.003329,1.432076
pv,pv_pred_daytype_mean_kw,lead_h,22,2004,0.000000,0.000000,
pv,pv_pred_daytype_mean_kw,lead_h,23,2004,0.000000,0.000000,
pv,pv_pred_daytype_mean_kw,lead_h,24,2004,0.000000,0.000000,
pv,pv_pred_ridge_kw,overall,all,48096,175.613968,340.071933,0.073823
pv,pv_pred_ridge_kw,month,02,4032,131.431158,239.432771,0.066836
pv,pv_pred_ridge_kw,month,03,4464,172.138461,339.014296,0.074706
pv,pv_pred_ridge_kw,month,04,4320,189.460241,361.482055,0.070127
pv,pv_pred_ridge_kw,month,05,4464,213.812334,398.968872,0.076185
pv,pv_pred_ridge_kw,month,06,4320,234.761580,453.538843,0.099063
pv,pv_pred_ridge_kw,month,07,4464,214.151098,392.897972,0.078638
pv,pv_pred_ridge_kw,month,08,4464,216.031224,384.176746,0.074085
pv,pv_pred_ridge_kw,month,09,4320,192.257977,356.467232,0.073730
pv,pv_pred_ridge_kw,month,10,4464,154.791468,294.808475,0.065470
pv,pv_pred_ridge_kw,month,11,4320,113.438683,220.345537,0.061173
pv,pv_pred_ridge_kw,month,12,4464,96.089563,189.188068,0.063474
pv,pv_pred_ridge_kw,daylight,actual_pv_gt_1kw,25072,327.192420,470.545046,0.071700
pv,pv_pred_ridge_kw,lead_h,1,2004,1.218938,6.124815,
pv,pv_pred_ridge_kw,lead_h,2,2004,1.549099,7.066688,
pv,pv_pred_ridge_kw,lead_h,3,2004,2.522671,9.238533,
pv,pv_pred_ridge_kw,lead_h,4,2004,6.531704,14.621487,8060.555064
pv,pv_pred_ridge_kw,lead_h,5,2004,20.123754,28.368381,93.463063
pv,pv_pred_ridge_kw,lead_h,6,2004,53.281606,68.845429,0.283500
pv,pv_pred_ridge_kw,lead_h,7,2004,117.892250,161.538813,0.110968
pv,pv_pred_ridge_kw,lead_h,8,2004,215.744880,289.471526,0.080625
pv,pv_pred_ridge_kw,lead_h,9,2004,311.859598,410.968424,0.069864
pv,pv_pred_ridge_kw,lead_h,10,2004,419.522270,549.150494,0.069634
pv,pv_pred_ridge_kw,lead_h,11,2004,486.721763,635.951232,0.068388
pv,pv_pred_ridge_kw,lead_h,12,2004,540.764545,694.318673,0.070549
pv,pv_pred_ridge_kw,lead_h,13,2004,548.056978,697.997649,0.071784
pv,pv_pred_ridge_kw,lead_h,14,2004,457.129975,588.980901,0.065645
pv,pv_pred_ridge_kw,lead_h,15,2004,384.906735,496.352530,0.066646
pv,pv_pred_ridge_kw,lead_h,16,2004,290.327809,377.371076,0.069572
pv,pv_pred_ridge_kw,lead_h,17,2004,182.949867,240.694695,0.076979
pv,pv_pred_ridge_kw,lead_h,18,2004,100.881331,133.031092,0.117982
pv,pv_pred_ridge_kw,lead_h,19,2004,45.503712,57.348545,0.390169
pv,pv_pred_ridge_kw,lead_h,20,2004,16.817301,25.367579,103.762651
pv,pv_pred_ridge_kw,lead_h,21,2004,5.439504,13.429616,6724.716636
pv,pv_pred_ridge_kw,lead_h,22,2004,2.299056,8.855912,
pv,pv_pred_ridge_kw,lead_h,23,2004,1.484878,6.895363,
pv,pv_pred_ridge_kw,lead_h,24,2004,1.205015,6.073592,
pv,pv_pred_official_kw,overall,all,48096,371.220780,648.306502,0.156050
pv,pv_pred_official_kw,month,02,4032,320.341883,583.632648,0.162901
pv,pv_pred_official_kw,month,03,4464,388.171761,679.149786,0.168463
pv,pv_pred_official_kw,month,04,4320,380.722672,643.650874,0.140920
pv,pv_pred_official_kw,month,05,4464,385.202809,633.701896,0.137254
pv,pv_pred_official_kw,month,06,4320,350.804482,573.162323,0.148030
pv,pv_pred_official_kw,month,07,4464,386.256796,637.309502,0.141836
pv,pv_pred_official_kw,month,08,4464,464.205552,786.644667,0.159193
pv,pv_pred_official_kw,month,09,4320,425.964874,734.083446,0.163355
pv,pv_pred_official_kw,month,10,4464,412.663393,734.841412,0.174538
pv,pv_pred_official_kw,month,11,4320,304.792772,563.135850,0.164364
pv,pv_pred_official_kw,month,12,4464,258.648846,495.710838,0.170856
pv,pv_pred_official_kw,daylight,actual_pv_gt_1kw,25072,704.518614,895.060716,0.154385
pv,pv_pred_official_kw,lead_h,1,2004,0.000000,0.000000,
pv,pv_pred_official_kw,lead_h,2,2004,0.000000,0.000000,
pv,pv_pred_official_kw,lead_h,3,2004,0.000000,0.000000,
pv,pv_pred_official_kw,lead_h,4,2004,0.000810,0.003607,1.000000
pv,pv_pred_official_kw,lead_h,5,2004,0.352330,1.329402,1.636368
pv,pv_pred_official_kw,lead_h,6,2004,237.742383,402.018283,1.264978
pv,pv_pred_official_kw,lead_h,7,2004,580.064460,755.737599,0.545995
pv,pv_pred_official_kw,lead_h,8,2004,781.249489,950.713374,0.291956
pv,pv_pred_official_kw,lead_h,9,2004,769.842645,946.595087,0.172464
pv,pv_pred_official_kw,lead_h,10,2004,691.126744,860.698171,0.114716
pv,pv_pred_official_kw,lead_h,11,2004,659.684696,813.671671,0.092691
pv,pv_pred_official_kw,lead_h,12,2004,630.727121,803.020509,0.082286
pv,pv_pred_official_kw,lead_h,13,2004,699.311497,888.840828,0.091595
pv,pv_pred_official_kw,lead_h,14,2004,766.303923,981.247934,0.110042
pv,pv_pred_official_kw,lead_h,15,2004,854.807988,1076.566409,0.148009
pv,pv_pred_official_kw,lead_h,16,2004,878.743047,1074.050126,0.210576
pv,pv_pred_official_kw,lead_h,17,2004,798.681652,972.776921,0.336056
pv,pv_pred_official_kw,lead_h,18,2004,444.155419,654.024821,0.519445
pv,pv_pred_official_kw,lead_h,19,2004,116.341635,259.539106,0.997566
pv,pv_pred_official_kw,lead_h,20,2004,0.162075,0.697671,1.000000
pv,pv_pred_official_kw,lead_h,21,2004,0.000809,0.003594,1.000000
pv,pv_pred_official_kw,lead_h,22,2004,0.000000,0.000000,
pv,pv_pred_official_kw,lead_h,23,2004,0.000000,0.000000,
pv,pv_pred_official_kw,lead_h,24,2004,0.000000,0.000000,
pv,pv_pred_official_bias_corrected_kw,overall,all,48096,232.431517,428.253358,0.097707
pv,pv_pred_official_bias_corrected_kw,month,02,4032,181.410647,345.231056,0.092251
pv,pv_pred_official_bias_corrected_kw,month,03,4464,233.459494,432.155568,0.101319
pv,pv_pred_official_bias_corrected_kw,month,04,4320,265.018586,457.212171,0.098094
pv,pv_pred_official_bias_corrected_kw,month,05,4464,252.052460,426.555696,0.089810
pv,pv_pred_official_bias_corrected_kw,month,06,4320,255.422020,446.892157,0.107781
pv,pv_pred_official_bias_corrected_kw,month,07,4464,246.934892,436.660433,0.090676
pv,pv_pred_official_bias_corrected_kw,month,08,4464,280.115507,529.391837,0.096062
pv,pv_pred_official_bias_corrected_kw,month,09,4320,250.102889,463.233191,0.095913
pv,pv_pred_official_bias_corrected_kw,month,10,4464,253.521636,479.148388,0.107228
pv,pv_pred_official_bias_corrected_kw,month,11,4320,175.022846,325.606100,0.094384
pv,pv_pred_official_bias_corrected_kw,month,12,4464,159.259181,305.442517,0.105202
pv,pv_pred_official_bias_corrected_kw,daylight,actual_pv_gt_1kw,25072,434.923311,589.082304,0.095307
pv,pv_pred_official_bias_corrected_kw,lead_h,1,2004,0.000000,0.000000,
pv,pv_pred_official_bias_corrected_kw,lead_h,2,2004,0.000000,0.000000,
pv,pv_pred_official_bias_corrected_kw,lead_h,3,2004,0.000000,0.000000,
pv,pv_pred_official_bias_corrected_kw,lead_h,4,2004,0.001160,0.003333,1.431577
pv,pv_pred_official_bias_corrected_kw,lead_h,5,2004,0.370712,1.291492,1.721742
pv,pv_pred_official_bias_corrected_kw,lead_h,6,2004,140.479495,253.939699,0.747462
pv,pv_pred_official_bias_corrected_kw,lead_h,7,2004,197.009800,290.106522,0.185438
pv,pv_pred_official_bias_corrected_kw,lead_h,8,2004,241.057346,309.285146,0.090084
pv,pv_pred_official_bias_corrected_kw,lead_h,9,2004,370.641676,459.469518,0.083033
pv,pv_pred_official_bias_corrected_kw,lead_h,10,2004,498.996205,619.030557,0.082825
pv,pv_pred_official_bias_corrected_kw,lead_h,11,2004,591.666746,733.011514,0.083134
pv,pv_pred_official_bias_corrected_kw,lead_h,12,2004,633.313352,802.775872,0.082623
pv,pv_pred_official_bias_corrected_kw,lead_h,13,2004,673.174928,842.104296,0.088172
pv,pv_pred_official_bias_corrected_kw,lead_h,14,2004,623.548762,795.104398,0.089543
pv,pv_pred_official_bias_corrected_kw,lead_h,15,2004,561.449108,705.325768,0.097214
pv,pv_pred_official_bias_corrected_kw,lead_h,16,2004,395.041530,500.663609,0.094665
pv,pv_pred_official_bias_corrected_kw,lead_h,17,2004,222.343011,298.843966,0.093554
pv,pv_pred_official_bias_corrected_kw,lead_h,18,2004,298.580196,396.834557,0.349193
pv,pv_pred_official_bias_corrected_kw,lead_h,19,2004,130.453275,212.097639,1.118565
pv,pv_pred_official_bias_corrected_kw,lead_h,20,2004,0.227949,0.642944,1.406443
pv,pv_pred_official_bias_corrected_kw,lead_h,21,2004,0.001155,0.003319,1.428385
pv,pv_pred_official_bias_corrected_kw,lead_h,22,2004,0.000000,0.000000,
pv,pv_pred_official_bias_corrected_kw,lead_h,23,2004,0.000000,0.000000,
pv,pv_pred_official_bias_corrected_kw,lead_h,24,2004,0.000000,0.000000,
load,load_pred_causal_selected_kw,overall,all,48096,176.795721,244.286615,0.038294
load,load_pred_causal_selected_kw,month,02,4032,146.437922,184.382033,0.032420
load,load_pred_causal_selected_kw,month,03,4464,141.230025,180.778014,0.032424
load,load_pred_causal_selected_kw,month,04,4320,125.522645,156.911323,0.028573
load,load_pred_causal_selected_kw,month,05,4464,160.478891,208.959762,0.036459
load,load_pred_causal_selected_kw,month,06,4320,210.343720,287.128129,0.043818
load,load_pred_causal_selected_kw,month,07,4464,288.268041,383.711442,0.054011
load,load_pred_causal_selected_kw,month,08,4464,183.778355,231.552030,0.036427
load,load_pred_causal_selected_kw,month,09,4320,241.896897,346.410294,0.053329
load,load_pred_causal_selected_kw,month,10,4464,137.434469,182.866687,0.031616
load,load_pred_causal_selected_kw,month,11,4320,125.794936,156.579956,0.029001
load,load_pred_causal_selected_kw,month,12,4464,180.512256,241.147296,0.038478
load,load_pred_causal_selected_kw,lead_h,1,2004,180.417912,252.079318,0.052235
load,load_pred_causal_selected_kw,lead_h,2,2004,180.335160,250.305283,0.051954
load,load_pred_causal_selected_kw,lead_h,3,2004,172.897678,239.190663,0.049434
load,load_pred_causal_selected_kw,lead_h,4,2004,166.390132,225.211807,0.047306
load,load_pred_causal_selected_kw,lead_h,5,2004,166.403043,223.467497,0.047050
load,load_pred_causal_selected_kw,lead_h,6,2004,164.293166,216.907634,0.044400
load,load_pred_causal_selected_kw,lead_h,7,2004,157.972095,207.740355,0.036025
load,load_pred_causal_selected_kw,lead_h,8,2004,163.611743,216.675102,0.034539
load,load_pred_causal_selected_kw,lead_h,9,2004,160.556438,214.804828,0.027790
load,load_pred_causal_selected_kw,lead_h,10,2004,158.481930,208.303118,0.026965
load,load_pred_causal_selected_kw,lead_h,11,2004,158.185146,211.928790,0.027136
load,load_pred_causal_selected_kw,lead_h,12,2004,170.276709,226.122744,0.029753
load,load_pred_causal_selected_kw,lead_h,13,2004,173.821107,237.900131,0.031514
load,load_pred_causal_selected_kw,lead_h,14,2004,174.909221,237.132518,0.030717
load,load_pred_causal_selected_kw,lead_h,15,2004,180.281520,253.991740,0.031798
load,load_pred_causal_selected_kw,lead_h,16,2004,180.207145,253.795213,0.031790
load,load_pred_causal_selected_kw,lead_h,17,2004,187.802396,266.802193,0.033287
load,load_pred_causal_selected_kw,lead_h,18,2004,195.651034,274.689422,0.037287
load,load_pred_causal_selected_kw,lead_h,19,2004,191.411867,271.925507,0.045039
load,load_pred_causal_selected_kw,lead_h,20,2004,187.361851,263.656762,0.043662
load,load_pred_causal_selected_kw,lead_h,21,2004,193.727997,275.105329,0.044822
load,load_pred_causal_selected_kw,lead_h,22,2004,194.772646,275.854512,0.046895
load,load_pred_causal_selected_kw,lead_h,23,2004,195.301845,271.090866,0.057381
load,load_pred_causal_selected_kw,lead_h,24,2004,188.027528,261.360022,0.054674
pv,pv_pred_causal_selected_kw,overall,all,48096,176.510094,344.831501,0.074200
pv,pv_pred_causal_selected_kw,month,02,4032,134.103115,277.018025,0.068194
pv,pv_pred_causal_selected_kw,month,03,4464,179.380108,364.033550,0.077849
pv,pv_pred_causal_selected_kw,month,04,4320,189.460241,361.482055,0.070127
pv,pv_pred_causal_selected_kw,month,05,4464,213.812334,398.968872,0.076185
pv,pv_pred_causal_selected_kw,month,06,4320,234.761580,453.538843,0.099063
pv,pv_pred_causal_selected_kw,month,07,4464,214.151098,392.897972,0.078638
pv,pv_pred_causal_selected_kw,month,08,4464,216.031224,384.176746,0.074085
pv,pv_pred_causal_selected_kw,month,09,4320,192.257977,356.467232,0.073730
pv,pv_pred_causal_selected_kw,month,10,4464,154.791468,294.808475,0.065470
pv,pv_pred_causal_selected_kw,month,11,4320,113.438683,220.345537,0.061173
pv,pv_pred_causal_selected_kw,month,12,4464,96.089563,189.188068,0.063474
pv,pv_pred_causal_selected_kw,daylight,actual_pv_gt_1kw,25072,331.754023,477.306001,0.072699
pv,pv_pred_causal_selected_kw,lead_h,1,2004,0.066908,0.754867,
pv,pv_pred_causal_selected_kw,lead_h,2,2004,0.171413,1.426661,
pv,pv_pred_causal_selected_kw,lead_h,3,2004,0.680636,3.346823,
pv,pv_pred_causal_selected_kw,lead_h,4,2004,3.917139,9.416988,4834.008705
pv,pv_pred_causal_selected_kw,lead_h,5,2004,16.283732,24.272489,75.628405
pv,pv_pred_causal_selected_kw,lead_h,6,2004,47.754824,66.153891,0.254094
pv,pv_pred_causal_selected_kw,lead_h,7,2004,115.121149,160.994486,0.108360
pv,pv_pred_causal_selected_kw,lead_h,8,2004,218.285682,290.934386,0.081574
pv,pv_pred_causal_selected_kw,lead_h,9,2004,315.356852,413.634077,0.070648
pv,pv_pred_causal_selected_kw,lead_h,10,2004,431.639250,562.317781,0.071645
pv,pv_pred_causal_selected_kw,lead_h,11,2004,495.474674,649.060048,0.069618
pv,pv_pred_causal_selected_kw,lead_h,12,2004,547.674417,705.480883,0.071451
pv,pv_pred_causal_selected_kw,lead_h,13,2004,554.052627,707.640999,0.072569
pv,pv_pred_causal_selected_kw,lead_h,14,2004,464.657643,595.215576,0.066726
pv,pv_pred_causal_selected_kw,lead_h,15,2004,391.475631,501.206369,0.067784
pv,pv_pred_causal_selected_kw,lead_h,16,2004,295.516655,382.730259,0.070816
pv,pv_pred_causal_selected_kw,lead_h,17,2004,184.363694,241.681281,0.077573
pv,pv_pred_causal_selected_kw,lead_h,18,2004,96.493372,131.487394,0.112850
pv,pv_pred_causal_selected_kw,lead_h,19,2004,40.274991,54.363734,0.345336
pv,pv_pred_causal_selected_kw,lead_h,20,2004,13.243755,21.116669,81.713893
pv,pv_pred_causal_selected_kw,lead_h,21,2004,2.984376,8.037717,3689.506141
pv,pv_pred_causal_selected_kw,lead_h,22,2004,0.536394,2.997786,
pv,pv_pred_causal_selected_kw,lead_h,23,2004,0.152108,1.332041,
pv,pv_pred_causal_selected_kw,lead_h,24,2004,0.064325,0.736545,
pv,pv_pred_official_all_issues_kw,overall_all_issues,all,192384,381.895989,684.031313,0.160538
pv,pv_pred_official_all_issues_kw,issue_hour,0,48096,371.220780,648.306502,0.156050
pv,pv_pred_official_all_issues_kw,issue_hour,6,48096,321.927190,566.361493,0.135329
pv,pv_pred_official_all_issues_kw,issue_hour,12,48096,408.366387,757.327647,0.171665
pv,pv_pred_official_all_issues_kw,issue_hour,18,48096,426.069597,746.313289,0.179107
pv,pv_pred_official_all_issues_kw,issue_hour_lead,H00_L01,2004,0.000000,0.000000,
pv,pv_pred_official_all_issues_kw,issue_hour_lead,H00_L02,2004,0.000000,0.000000,
pv,pv_pred_official_all_issues_kw,issue_hour_lead,H00_L03,2004,0.000000,0.000000,
pv,pv_pred_official_all_issues_kw,issue_hour_lead,H00_L04,2004,0.000810,0.003607,1.000000
pv,pv_pred_official_all_issues_kw,issue_hour_lead,H00_L05,2004,0.352330,1.329402,1.636368
pv,pv_pred_official_all_issues_kw,issue_hour_lead,H00_L06,2004,237.742383,402.018283,1.264978
pv,pv_pred_official_all_issues_kw,issue_hour_lead,H00_L07,2004,580.064460,755.737599,0.545995
pv,pv_pred_official_all_issues_kw,issue_hour_lead,H00_L08,2004,781.249489,950.713374,0.291956
pv,pv_pred_official_all_issues_kw,issue_hour_lead,H00_L09,2004,769.842645,946.595087,0.172464
pv,pv_pred_official_all_issues_kw,issue_hour_lead,H00_L10,2004,691.126744,860.698171,0.114716
pv,pv_pred_official_all_issues_kw,issue_hour_lead,H00_L11,2004,659.684696,813.671671,0.092691
pv,pv_pred_official_all_issues_kw,issue_hour_lead,H00_L12,2004,630.727121,803.020509,0.082286
pv,pv_pred_official_all_issues_kw,issue_hour_lead,H00_L13,2004,699.311497,888.840828,0.091595
pv,pv_pred_official_all_issues_kw,issue_hour_lead,H00_L14,2004,766.303923,981.247934,0.110042
pv,pv_pred_official_all_issues_kw,issue_hour_lead,H00_L15,2004,854.807988,1076.566409,0.148009
pv,pv_pred_official_all_issues_kw,issue_hour_lead,H00_L16,2004,878.743047,1074.050126,0.210576
pv,pv_pred_official_all_issues_kw,issue_hour_lead,H00_L17,2004,798.681652,972.776921,0.336056
pv,pv_pred_official_all_issues_kw,issue_hour_lead,H00_L18,2004,444.155419,654.024821,0.519445
pv,pv_pred_official_all_issues_kw,issue_hour_lead,H00_L19,2004,116.341635,259.539106,0.997566
pv,pv_pred_official_all_issues_kw,issue_hour_lead,H00_L20,2004,0.162075,0.697671,1.000000
pv,pv_pred_official_all_issues_kw,issue_hour_lead,H00_L21,2004,0.000809,0.003594,1.000000
pv,pv_pred_official_all_issues_kw,issue_hour_lead,H00_L22,2004,0.000000,0.000000,
pv,pv_pred_official_all_issues_kw,issue_hour_lead,H00_L23,2004,0.000000,0.000000,
pv,pv_pred_official_all_issues_kw,issue_hour_lead,H00_L24,2004,0.000000,0.000000,
pv,pv_pred_official_all_issues_kw,issue_hour_lead,H06_L01,2004,575.671924,753.352135,0.541860
pv,pv_pred_official_all_issues_kw,issue_hour_lead,H06_L02,2004,762.127984,933.537954,0.284810
pv,pv_pred_official_all_issues_kw,issue_hour_lead,H06_L03,2004,718.105773,894.224587,0.160874
pv,pv_pred_official_all_issues_kw,issue_hour_lead,H06_L04,2004,587.181620,749.254916,0.097463
pv,pv_pred_official_all_issues_kw,issue_hour_lead,H06_L05,2004,473.935425,596.970072,0.066592
pv,pv_pred_official_all_issues_kw,issue_hour_lead,H06_L06,2004,426.238119,539.116682,0.055608
pv,pv_pred_official_all_issues_kw,issue_hour_lead,H06_L07,2004,506.013212,646.233861,0.066277
pv,pv_pred_official_all_issues_kw,issue_hour_lead,H06_L08,2004,586.549089,747.525219,0.084229
pv,pv_pred_official_all_issues_kw,issue_hour_lead,H06_L09,2004,718.552994,888.152556,0.124417
pv,pv_pred_official_all_issues_kw,issue_hour_lead,H06_L10,2004,790.248159,964.607458,0.189370
pv,pv_pred_official_all_issues_kw,issue_hour_lead,H06_L11,2004,775.532584,943.018624,0.326315
pv,pv_pred_official_all_issues_kw,issue_hour_lead,H06_L12,2004,439.821131,649.891802,0.514376
pv,pv_pred_official_all_issues_kw,issue_hour_lead,H06_L13,2004,116.327306,259.517718,0.997443
pv,pv_pred_official_all_issues_kw,issue_hour_lead,H06_L14,2004,0.162075,0.697671,1.000000
pv,pv_pred_official_all_issues_kw,issue_hour_lead,H06_L15,2004,0.000809,0.003594,1.000000
pv,pv_pred_official_all_issues_kw,issue_hour_lead,H06_L16,2004,0.000000,0.000000,
pv,pv_pred_official_all_issues_kw,issue_hour_lead,H06_L17,2004,0.000000,0.000000,
pv,pv_pred_official_all_issues_kw,issue_hour_lead,H06_L18,2004,0.000000,0.000000,
pv,pv_pred_official_all_issues_kw,issue_hour_lead,H06_L19,2004,0.000000,0.000000,
pv,pv_pred_official_all_issues_kw,issue_hour_lead,H06_L20,2004,0.000000,0.000000,
pv,pv_pred_official_all_issues_kw,issue_hour_lead,H06_L21,2004,0.000000,0.000000,
pv,pv_pred_official_all_issues_kw,issue_hour_lead,H06_L22,2004,0.000810,0.003607,1.000000
pv,pv_pred_official_all_issues_kw,issue_hour_lead,H06_L23,2004,0.382477,1.454694,1.776382
pv,pv_pred_official_all_issues_kw,issue_hour_lead,H06_L24,2004,249.401069,420.243762,1.327011
pv,pv_pred_official_all_issues_kw,issue_hour_lead,H12_L01,2004,305.030189,414.894454,0.039953
pv,pv_pred_official_all_issues_kw,issue_hour_lead,H12_L02,2004,442.321536,581.135281,0.063518
pv,pv_pred_official_all_issues_kw,issue_hour_lead,H12_L03,2004,638.809302,796.212817,0.110609
pv,pv_pred_official_all_issues_kw,issue_hour_lead,H12_L04,2004,742.031598,911.994935,0.177815
pv,pv_pred_official_all_issues_kw,issue_hour_lead,H12_L05,2004,754.625745,923.498232,0.317519
pv,pv_pred_official_all_issues_kw,issue_hour_lead,H12_L06,2004,434.932176,644.594595,0.508658
pv,pv_pred_official_all_issues_kw,issue_hour_lead,H12_L07,2004,116.331330,259.526617,0.997477
pv,pv_pred_official_all_issues_kw,issue_hour_lead,H12_L08,2004,0.162075,0.697671,1.000000
pv,pv_pred_official_all_issues_kw,issue_hour_lead,H12_L09,2004,0.000809,0.003594,1.000000
pv,pv_pred_official_all_issues_kw,issue_hour_lead,H12_L10,2004,0.000000,0.000000,
pv,pv_pred_official_all_issues_kw,issue_hour_lead,H12_L11,2004,0.000000,0.000000,
pv,pv_pred_official_all_issues_kw,issue_hour_lead,H12_L12,2004,0.000000,0.000000,
pv,pv_pred_official_all_issues_kw,issue_hour_lead,H12_L13,2004,0.000000,0.000000,
pv,pv_pred_official_all_issues_kw,issue_hour_lead,H12_L14,2004,0.000000,0.000000,
pv,pv_pred_official_all_issues_kw,issue_hour_lead,H12_L15,2004,0.000000,0.000000,
pv,pv_pred_official_all_issues_kw,issue_hour_lead,H12_L16,2004,0.000810,0.003607,1.000000
pv,pv_pred_official_all_issues_kw,issue_hour_lead,H12_L17,2004,0.359776,1.359559,1.670947
pv,pv_pred_official_all_issues_kw,issue_hour_lead,H12_L18,2004,246.250376,415.108607,1.310247
pv,pv_pred_official_all_issues_kw,issue_hour_lead,H12_L19,2004,612.533924,792.005945,0.576557
pv,pv_pred_official_all_issues_kw,issue_hour_lead,H12_L20,2004,885.106885,1065.757783,0.330768
pv,pv_pred_official_all_issues_kw,issue_hour_lead,H12_L21,2004,973.855901,1189.483895,0.218168
pv,pv_pred_official_all_issues_kw,issue_hour_lead,H12_L22,2004,1025.524240,1235.490482,0.170220
pv,pv_pred_official_all_issues_kw,issue_hour_lead,H12_L23,2004,1192.953269,1474.904898,0.167619
pv,pv_pred_official_all_issues_kw,issue_hour_lead,H12_L24,2004,1429.963359,1844.383310,0.186555
pv,pv_pred_official_all_issues_kw,issue_hour_lead,H18_L01,2004,116.325898,259.520468,0.997431
pv,pv_pred_official_all_issues_kw,issue_hour_lead,H18_L02,2004,0.162075,0.697671,1.000000
pv,pv_pred_official_all_issues_kw,issue_hour_lead,H18_L03,2004,0.000809,0.003594,1.000000
pv,pv_pred_official_all_issues_kw,issue_hour_lead,H18_L04,2004,0.000000,0.000000,
pv,pv_pred_official_all_issues_kw,issue_hour_lead,H18_L05,2004,0.000000,0.000000,
pv,pv_pred_official_all_issues_kw,issue_hour_lead,H18_L06,2004,0.000000,0.000000,
pv,pv_pred_official_all_issues_kw,issue_hour_lead,H18_L07,2004,0.000000,0.000000,
pv,pv_pred_official_all_issues_kw,issue_hour_lead,H18_L08,2004,0.000000,0.000000,
pv,pv_pred_official_all_issues_kw,issue_hour_lead,H18_L09,2004,0.000000,0.000000,
pv,pv_pred_official_all_issues_kw,issue_hour_lead,H18_L10,2004,0.000810,0.003607,1.000000
pv,pv_pred_official_all_issues_kw,issue_hour_lead,H18_L11,2004,0.356852,1.343512,1.657369
pv,pv_pred_official_all_issues_kw,issue_hour_lead,H18_L12,2004,238.760984,402.429437,1.270398
pv,pv_pred_official_all_issues_kw,issue_hour_lead,H18_L13,2004,589.747380,765.878470,0.555109
pv,pv_pred_official_all_issues_kw,issue_hour_lead,H18_L14,2004,813.836230,987.279243,0.304134
pv,pv_pred_official_all_issues_kw,issue_hour_lead,H18_L15,2004,831.321989,1020.932011,0.186237
pv,pv_pred_official_all_issues_kw,issue_hour_lead,H18_L16,2004,860.010631,1044.408830,0.142748
pv,pv_pred_official_all_issues_kw,issue_hour_lead,H18_L17,2004,834.658027,1009.482373,0.117276
pv,pv_pred_official_all_issues_kw,issue_hour_lead,H18_L18,2004,865.981466,1081.118381,0.112977
pv,pv_pred_official_all_issues_kw,issue_hour_lead,H18_L19,2004,942.292176,1191.897631,0.123421
pv,pv_pred_official_all_issues_kw,issue_hour_lead,H18_L20,2004,979.990000,1262.130993,0.140728
pv,pv_pred_official_all_issues_kw,issue_hour_lead,H18_L21,2004,968.359930,1233.653668,0.167671
pv,pv_pred_official_all_issues_kw,issue_hour_lead,H18_L22,2004,899.180020,1114.320343,0.215473
pv,pv_pred_official_all_issues_kw,issue_hour_lead,H18_L23,2004,832.024781,1016.524899,0.350085
pv,pv_pred_official_all_issues_kw,issue_hour_lead,H18_L24,2004,452.660279,667.472532,0.529391
